	0	1	2	3	4	5	6	7	8	9	10	11	12	13	14
0	3.9774088200598263	4.146123251424103	4.159946793122741	3.2963514638710536	5.310005083734405	0.9477409449864561	4.331522083251534	1.178397980071101	1.3344715288858209	5.196915346079021	0.8602492983066671	1.6356727311782648	4.815724091066399	5.071106403822878	2.3313571266609463
1	1.7752991938563585	3.0726269931424692	4.5145689634173	2.6012356674883543	1.430154990666104	1.4715197057840461	2.762877897928536	2.4966168599013687	0.5664239328436154	2.134720910745151	2.4086145197827227	2.034965547493895	4.537501595260222	3.1095398630211792	2.804443817039932
2	1.899919340695413	2.48943669392099	2.660856976619989	1.643648158319232	2.7225071559294918	0.5895623245952872	3.7325576350998757	1.0905921552154647	0.8924958493599462	4.181331751927497	1.4844073166641691	0.45233595092935236	4.101595380411326	4.123215405121893	1.9070172108906451
3	6.372606989099169	4.712739496485571	4.098248592994866	6.513683173638849	8.039151278083022	5.139822791052355	8.065643026838552	0.7241952995005561	1.7407921895065945	8.53394465900068	4.720177665966146	6.72770647022063	8.532777429165332	9.298988503983448	2.007546547739937
4	5.765835412842358	4.7624136334049645	3.902355473012444	6.166964356522778	7.649484123292865	5.129165426218674	7.859025823948694	0.7383426999374281	1.9910647487454005	8.586843728900782	4.906168113991855	6.931170317033189	8.495437752312624	9.260594093326096	2.0250270144475224
5	3.7268162234054176	5.253890189088731	5.339297531122368	4.78029739418948	6.623523195669043	1.57696358836972	4.86465823717413	1.2700724115401854	2.897349924593272	5.848566014271935	0.6182126934754575	1.494092171304438	5.934153632537978	6.190539379349395	2.1040208473644393
6	4.87076541308288	4.779088386844762	6.565487587263616	5.473228866537904	7.93514682508648	1.2846802244280544	6.607756237239717	0.876493239978526	3.0767200883066748	7.707988211879109	1.007881955180076	3.686634849314528	7.447845975706208	8.00418058479723	2.697958327049062
7	4.1832010977850675	3.0584929567894803	5.97267857650862	5.254236421781871	7.344926595308439	2.82769506864171	6.700215076956647	1.2180762166428993	3.169752989983828	8.057313275532582	3.2823152745042803	5.608387746377052	7.784956726236636	8.460362906181235	2.3265817447146593
8	4.7235366140972666	3.700507563042788	5.899525630395167	6.267409607618403	8.043736117430099	2.8897976979316584	6.777599273523188	1.6270098113091336	3.3283090208891823	8.230215314796157	3.7107179192015813	5.719027625946598	8.132958444834681	8.773745438845191	2.0083375786117332
9	6.534145251888327	4.699497715701055	4.808310849186627	3.845099206115747	6.654150591705251	3.298296761950972	6.961664453264204	3.569891176848073	0.6456414217314655	7.420957432826691	0.8620656077042437	2.9740629620238077	6.708191696624018	7.464639047026034	3.387707260308917
10	8.111851999826037	4.654238553467579	4.733285118545868	4.220624342490755	6.75669710513419	5.453542541429625	8.08662069962258	5.042597705624961	1.8813277255783496	7.8219031787964015	0.7761858024110466	3.58645610716441	7.088157411230615	7.750754809825435	3.236271338341506
11	4.509142167496885	3.5081536852859068	5.246747989033507	3.320083880588725	5.437488548130486	2.320948743714933	4.9949449563893396	2.332748107245317	1.5338287543055094	6.390667458078053	0.19007628870793047	2.295049362131707	6.262702714299316	6.520940686855188	2.4216810930284214
12	1.8507530775791476	2.2290712970941624	3.6998219203461478	2.601698092540674	1.3410777709605581	3.9894608551000297	5.349358713519964	1.4011486974100418	0.5553805869766788	3.115920458496291	4.821800561379099	3.43814665867842	5.371378138147896	4.948960996598346	1.7797964946609324
13	3.8347761226380603	2.3116305051085266	5.102350995519719	3.896984233766326	2.935909053755797	6.101286922135447	7.979178118864685	1.1709729041974446	0.9381484002707733	4.766869044943684	6.206552723609109	5.177109913813937	7.3360987483141376	7.354796934594727	1.6086536720827456
14	4.314324397623945	0.5390873997749499	1.9558866961862984	4.466658768674289	3.9999155177376253	3.87856332574671	6.1040988358916985	1.4247008922712263	0.3816359460334935	2.493146760147625	3.94933378356005	3.5833795303597777	6.4018303984584195	5.7582690281690905	1.6481678307089898
15	6.221037440935207	4.045921665899545	4.0969507598913735	4.973283848779104	6.05588715889442	4.710656200729461	9.868273842807797	1.6691613272602681	2.141851866103957	6.054173960680864	3.048916978459158	3.2031200542375546	8.351216376543407	9.06039300024631	1.3596914688020867
16	2.6782156301862554	2.8302616280114092	3.5557431584204675	0.8723715575985612	1.627481308442678	0.3730200702255904	3.4888118920439504	3.0924011639505413	1.4641954107958481	3.2188150163195344	3.324351180736438	1.7738193396847828	4.426981167513069	4.027619402063866	1.7381191791468453
17	2.826392189356956	2.4629384028543844	3.342186563619722	0.4787910684566494	1.9007100258666094	0.5175306450586397	2.5391596940024983	3.027683919551361	1.3114644688335035	2.822072863766875	2.608957370555851	0.7999860843126733	3.7910303690345164	3.257648768566127	1.938974333617638
18	3.4680258357904363	2.8508722928725834	3.089323240985907	1.896529727255738	3.456146364285352	1.5486745566608136	4.015494910562469	2.389062080397201	0.586013071107916	4.598628977609516	1.1303391000773586	1.08077745470308	4.282716801391119	4.429549447374995	2.085279738191702
19	3.330785729035275	4.215594714009982	4.326945155576739	1.511812909424805	3.365778574018956	1.3678841409880829	2.4803923033023745	2.336666363075226	1.2532859785346802	3.666869584818948	2.8724561018113492	0.9251059795246497	4.1443811002950985	3.731561382197716	1.9648471274081174
20	6.196368980375511	3.7545952530509323	3.6570789899446656	3.782805271114833	5.459027375845833	4.079267644537552	6.045473064557543	3.4247962769738507	1.3467456420626835	6.070645107349347	0.692509768812733	2.8046708107143643	5.676479483831517	6.1049103291889635	2.195268516866444
21	5.198819643096356	3.0616856499435747	3.112649729570329	2.38850181249273	4.043184982231024	3.3831463192825972	5.206500346327575	3.683114602948626	1.4792477867827463	5.091772456766481	0.6752077605337652	1.9042784445146164	4.584211477161102	4.850878037544569	2.233147216667902
22	5.922891752439324	3.3938120471331925	3.5111883405142432	2.61174378953604	4.2360764288632975	3.6213465238810496	5.78166158921705	4.346708801824884	2.165089197989814	5.440205223103687	0.894227870206791	1.456419826762345	5.110052645779083	5.3067850104385155	2.2232351395409355
23	5.584693559233428	2.8405513208980087	2.880854305521457	3.8537811253775147	4.951088751300102	5.930446012421252	5.337097341370781	2.992770073747205	1.7664155442400538	5.558653100641012	3.0768863294039788	4.527492972432726	5.215668291156454	5.642605440068729	1.450686743487311
24	6.822016083292064	3.712653606491413	3.3412234023776177	3.588347847028309	5.445904777171907	5.321398510978386	6.757022733919803	4.18488872209495	1.7550609575862395	6.273087799056763	1.2530535818151103	3.56658651056555	5.529735620460879	6.1323928391203655	2.4535515030967954
25	6.261254577632365	3.2257842646510815	4.3543849122735105	2.7852797390803996	5.556017556266093	5.506924607004692	4.98045850869345	4.729648074206421	2.3395295647371483	6.3787932378312435	0.9582294246013864	3.7000462650857373	5.464656943269115	6.046494057801312	3.1960826226405845
26	6.97516707421621	3.5836341303885013	3.4854792179402563	4.003079303927599	5.5265580577837925	5.771705459357073	7.0047373457499695	4.191686375538386	2.1325070125145222	6.451019933820312	1.5800191156277539	3.685673028529826	6.085690375661959	6.56027479190782	2.1183149218243083
27	5.742817941588294	3.215789784363662	3.4999113386208203	2.548488267483371	4.155168224561525	4.012334668347353	5.723777469802608	4.286735998132439	2.1047506183114213	5.648761272233561	0.6707422964199402	1.9079758129599609	5.148908475839412	5.347693211339875	2.234832413766722
28	5.338683337456321	3.46173630920178	3.4946773062552503	2.2614394308957673	4.161338784581954	3.0763221974467214	4.192249768889429	3.849352773376016	1.78725210739385	4.682321199779366	1.2348058867918494	1.2964860839020582	4.180744666075701	4.320877360736473	2.244772246418553
29	5.727714242136697	4.049881200197959	4.113482939574099	2.67865662319121	4.667370772416261	2.7595864473216665	6.00993227894068	4.220243994299616	1.54355511086243	6.231080118787227	1.6963803470168102	1.216043844839609	5.838091939846695	5.9837699899842685	2.7549399551529614
30	5.451097912049867	5.604930057843617	8.14632774057161	1.3156449848624248	7.0299749912653855	0.31698447054352397	4.543017930401062	4.706590047409988	1.7320344466134345	4.229976897010017	4.799938573965909	1.7618763517833858	6.905071379432628	5.10689515760233	6.392474307720532
31	6.84239448285119	6.541717859158217	8.83762184191341	5.367084826125505	7.276585299243356	4.459300882560553	3.3605808593457107	9.407293686970004	0.434216601932749	3.383785961206945	6.150416579673565	4.64231310682911	9.515637477167841	3.1912258955859656	9.766924510895526
32	8.48082933616885	8.077070671305421	9.944487659478549	5.889126429943725	8.811432715712948	5.155984175983835	3.06684768263788	11.336019632410304	0.33408943561478216	3.5385937846208577	7.871399951476478	5.246356588592461	11.179155604325596	2.9239576628318615	11.597917728011998
33	8.711127894411288	6.9216496106657495	10.560870059228563	3.698377271117347	9.479040225923823	3.437796978286564	4.193182755411954	9.849906095472713	0.9447691778662098	3.6413584652557893	6.943573565453532	4.369019204931053	10.183619911105183	4.645634095417012	10.763261681037063
34	6.566948141748347	7.671464955166814	10.019845475716643	2.989152610165634	8.447554066379002	2.201327984361835	3.991449243837411	6.0965064788980445	2.213194417071455	2.3560171331740496	6.303476523722885	3.4902054535933913	8.586344724486832	4.014972100683566	8.286860566407602
35	5.993813105667107	5.439464048669138	8.078974401733129	3.6767578713769065	6.216503127091591	4.319905657011923	2.5960167972659436	7.9387927111214305	0.23084396554607406	4.445847229084566	5.049270089195265	4.4845283753871	9.173799195795288	2.4849374293793485	8.165821678346276
36	6.289730381744802	8.881481112238903	9.329330600825532	5.072418048688795	7.402304575926717	5.322428030516821	3.102852571650167	7.479836575355125	1.3011455743030635	6.376724807800598	6.425069655577113	5.984643700942308	10.32311902153627	1.93251881444705	8.770322155586317
37	4.645511940219593	8.040411569591969	8.160549723139047	3.745948681299553	5.637665434494369	3.9255211358045488	3.7240122138868856	4.106323603000996	2.0408294399614246	4.197782072157476	5.635839319021126	5.060341574887549	7.653910545868154	2.720415330633622	6.054084352576296
38	10.399504479877367	2.5658690580333627	9.409833120947303	1.1240248932186157	10.411617140944266	7.8496322076855956	8.53734692260597	9.279883723439772	0.4972877494904931	7.816836594616413	1.474031350195126	7.881293417848737	8.822814290294422	8.965704496184623	9.288402118356576
39	8.678364259557322	3.420834697038043	9.807747342285348	3.076588747646988	10.469186938840311	5.261643227938702	6.737449238432356	5.729577810833467	2.2035684150703845	7.742068730311142	0.7200134018667778	7.0720153024644326	8.457982498487953	8.577780392787767	7.41373568823228
40	7.990376399153216	1.1333452946005504	9.157637247532731	4.164648475952266	3.4919019971872145	8.009369549081558	7.315966923736117	4.152547952851375	4.6956957670852155	10.014370665787279	3.940190398805972	3.3263891655964577	8.379796904100335	8.283115407337597	0.6795856445796206
41	10.683295884157191	1.1619566238180115	9.11609938029168	1.653378849850542	0.843550280941452	10.629919398962047	8.636268249598196	9.069997928991468	9.874571118607852	9.974536405790339	1.7134530483807489	1.157394864832523	8.483297477345506	8.81847191295297	0.8145142636973169
42	9.573911328483613	1.9275572249972892	9.141481971170794	2.865405984714506	3.528798157304702	8.008997458095191	6.100662639684643	11.096465067628275	11.983037176536401	7.22623987585122	3.2492305002092614	4.124421584918709	8.950080206261923	9.671398034650771	0.8886447944909597
43	12.278416344956398	1.7670568275345802	10.42079152227428	0.6362481188280074	1.5164839658986513	12.196272578267537	9.22157074025998	12.494865582117738	11.115863287905967	11.64135673963626	2.3935563031766955	2.8580836562087137	10.131984890161823	8.928327902911342	1.439587105848072
44	8.183011892145668	1.4857457279192283	9.47465196174228	3.1815545731035835	5.668555580848873	7.5061371615034895	6.178294712023136	5.822900496202541	3.6729371919327276	9.799818191871083	1.9249374543617948	4.541526541664248	9.131480315521268	8.53242897262732	2.624024847003435
45	9.552253333566867	3.5808576252524618	6.95213922427041	1.6238999022181955	8.736662434228338	7.185924018817136	8.364907406908424	8.190700022048064	0.821764128924412	8.270121578147343	1.9989963682410274	6.384234612324785	7.102210214725101	7.882952838611725	7.369070624447339
46	7.744226233473886	4.617044041278165	7.217056850978903	1.6985157499579917	8.171301485132057	4.0619509003699825	7.119872300479607	6.18871936347656	0.4440419771797452	7.989334233410991	2.925145577746765	4.3867391710820245	7.053720321811701	7.457857370119193	6.602573829946017
47	3.9309517284135973	4.4300192669232565	5.916040263488744	1.4637609572345571	4.16621685366237	1.0314422677568595	3.3301016435145354	4.783724185306425	0.3112109837616133	2.301764755915738	5.0111768137925	1.174011777308611	5.973652159142856	3.4659971797100866	5.063947856043973
48	8.162012470911758	6.54792165855345	9.30262485454352	4.888623889764884	7.961404950549273	5.118027610614784	3.8174920694214527	10.441244131329546	0.3721254528063433	3.3999349972845794	6.270346531844155	4.746444125643946	9.670001684743566	3.534524110780074	10.117964598157233
49	0.24492174602334474	5.644559024108816	2.1570334296578726	1.8261788794715486	8.188540524510463	5.726534321056231	2.0621602711865163	1.7743948674507137	8.127238407109715	7.788451597019371	4.263928531263135	4.692329460329769	3.7228120445819095	9.914879722220462	6.362520092620129
50	5.410254364968817	5.293680689232427	5.529718337223295	5.625384662770262	2.9607825809752173	6.910841126695665	7.141175838179932	0.9722118371252072	6.0078412065223175	10.688887425492494	6.31233751574976	2.370687701844488	7.9805805360468405	8.448364499041716	5.720810280931251
51	3.510633200079891	3.88088546042297	5.5606691332573055	4.701141222277357	2.6886917624722573	5.789426379384334	7.2028383010126955	1.3397609044393586	3.959697680850271	9.211212339749226	6.317935575348359	1.8311698824339648	8.493760020950015	8.249119658207622	4.524261792654116
52	11.013601829145594	8.508266908900591	9.400602559821092	4.445063404463294	1.9863272433717636	7.880890119563228	7.509885847290738	9.058894047022358	9.278596001227204	12.41855962756082	4.142993291464314	6.660096370224864	10.75664481932001	8.876316858990124	2.809311994056371
53	11.454771799740941	7.8509862404277975	8.910317496052429	1.5186572708121828	0.7740341299537218	8.250397893679848	7.4793414030592755	10.605080645347277	11.129337443109254	11.543466920289534	6.345161300831325	7.115677154354007	9.129971435721098	9.12991234791423	0.7710917084064609
54	6.278940574207995	5.703801475598774	9.986807082492462	3.3911735513994707	5.1796979616187855	0.6462546253029484	8.536374062968948	3.779432731681869	6.858791532149732	8.207430965177403	3.133429667378094	6.25722661492043	7.150472832567644	5.148702151723107	3.5067903706442136
55	5.698805355071972	4.3968939974901975	9.680411536751205	3.353127791839201	4.998092969798564	2.684723659087326	8.29988133548101	4.610824438983685	6.788147547852432	6.366056348127624	2.067652948273668	4.106507002968915	6.344558166646354	5.255948399081596	2.3910230406965445
56	3.552307606218973	4.486879700767811	7.993468632320844	1.9380649778974703	4.001208046697356	2.612821966588444	5.863578038638319	2.2239599290969005	4.114134258634535	3.5721351078299546	2.550296543883578	2.2536809107441376	6.081562435635222	4.6131345320932935	2.565861162560687
57	4.27267185759382	4.001800600338563	7.780335460901478	3.7691672571978434	5.134750999720246	5.151288828009892	7.698113302654932	5.956183160588452	7.344482527592166	3.7986460441817584	1.26616052011449	2.2882877008860176	4.531493558462086	4.153451133090631	1.4644835571540629
58	9.640404049657258	3.2004277484391292	10.194726061482601	2.264836270647475	5.576745067436421	8.782595566249096	0.9735716262077299	10.265111717485329	10.873192927220607	9.56520439995529	1.8544511040923604	2.8662876316943993	10.974290156148538	11.750156837511573	3.404345271365562
59	1.3423792915805073	5.3302948456970585	5.857754111608545	3.8752147587583226	7.624054186047632	4.379484388909138	7.099078655129273	3.789176165400188	7.578263619786536	11.095094856302797	3.2145894209584776	5.246104780654374	8.80651083255664	11.809268073529303	3.8018836100379687
60	2.954713282309987	3.5169678457143014	10.644198692118614	2.7826314304065716	6.568467841625115	2.774463215647609	7.961008324620184	3.0119170221063616	5.272335178204881	10.066141221578604	1.0354849220595406	3.055295617290762	10.737406599834673	10.732873565950356	3.882971943636134
61	2.675940836192029	2.98735200914328	9.825672261694365	4.7090760183023725	5.589083016521043	2.1729094920800587	7.174350122210807	3.349030855324443	4.21088400120676	8.294434539027913	1.7222902931325608	2.6042086244214717	7.7503124963476875	7.84757882867268	0.9031148476658957
62	7.014231388080834	4.819020072791759	4.027378586716909	6.550608164677978	8.111094526241166	6.314637390416313	8.286305742761263	1.356091505049998	1.097763306958028	8.630222221099281	5.0908577336271605	7.139484805260896	8.483248481614636	9.281421741987712	2.0488352246930206
63	11.035431983614385	2.721576556373777	10.656691978100374	1.196501482678928	11.68050350194301	8.94744783416643	8.52684237252994	10.06026422219505	0.7856195676319401	8.003566778515204	1.5258589645850087	9.66039821935732	9.493020751490908	9.224392843388841	10.733340979763272
64	11.333270515132932	1.936841918472423	10.918057121640848	1.0902153645728474	1.5380769623476256	9.62206380489169	8.573290057837362	10.977184863790729	10.520900477117687	10.44321212150937	2.2855606906145307	2.2611736803412756	9.923932179494258	9.404383141398238	0.5422345451383286
65	9.283964951914475	2.5194379339429096	11.110816220245344	3.0457659539500077	5.911770998896432	8.345198177121235	1.9398949557421676	9.623366999665139	10.851293419791498	9.96576232178971	1.3705327530566138	3.8577367196286905	11.179048107930466	12.07965448356651	2.8672228758744382
66	2.828468770228989	3.3294486814129045	10.71789226266726	3.275622153714213	7.0951406105114065	2.9466684474172613	8.2132366460154	3.392573218198861	5.883118778193743	10.680278758029155	0.6120537729645247	3.7727445979026224	11.261954281821644	11.523552205765577	3.9796378986935093
67	7.10027662916483	6.901692448918445	9.431464679023358	2.8974931948394813	7.793766006250586	2.572690944688189	3.767137257923414	7.475766403051874	1.049957126259159	2.5300787954991693	6.245676484738777	3.561210236610907	8.621522813894815	4.312658601915979	8.409284792641524
68	9.161052314288877	9.065730047681013	10.071220319387038	9.665535120184815	8.751735871740818	12.052638842955012	1.2494368572139598	13.731928068082766	12.104323161654975	12.027574805795496	1.8675864426915556	0.46425513227700205	13.778197666329314	12.126647101477316	1.6600533218014255
69	11.01360106120113	8.508271267811573	9.400606406156303	4.4450612882446725	1.9863253415906856	7.88089225882643	7.509879698700969	9.05889678901402	9.278594799023296	12.418562531588421	4.143000149222229	6.660104254934294	10.756647257050986	8.87631575598291	2.8093150146067214
70	6.278933965512888	5.703805072992977	9.98680759044415	3.391170198132325	5.179700712966003	0.646249753614731	8.53637302672085	3.7794229068900878	6.858790666885389	8.207421922645455	3.133424315165719	6.257225728862781	7.15048002232713	5.148701859701405	3.506801369992652
71	2.974327097182965	3.7934252178599013	10.848861590250777	2.792169202381192	6.754767950622236	3.131266359200299	8.216241921992971	3.262837695352859	5.509836815217679	10.676285744296827	1.3265343697820964	2.961505728433331	11.327132093416099	11.410932800066925	4.136725351139199
72	2.3311752207134995	11.491524257803784	11.032841270315076	8.056452414552968	3.4173921945484826	9.833726236253698	9.070188946095787	7.6325301401670815	1.0890371960593714	2.243820056739883	6.158667090728383	9.085773991825937	7.384205276530842	8.160865993474827	7.578174102061521
73	7.553005004239298	2.8637327443653615	10.662465090419285	2.7822483948543666	8.344469519992849	6.663585721551006	12.909327546497272	7.24744828926837	1.1417519058580106	8.224886487044715	0.5880744545511929	7.112662617140677	8.01615956295168	12.665498670591091	7.700528565526278
74	8.892574711383	4.923890262237548	3.141125464992919	7.33759842596646	8.075800223999769	5.353790715491887	11.66496345148865	2.1913838488855752	0.8970522312269227	8.064740867633237	3.2280214638869857	4.46175004918601	10.324382504287358	10.910302089189377	1.354554119027667
75	4.879799151928865	3.4776850788217515	3.9179013599502546	4.053752596191182	5.100052035362385	2.2944451538597415	7.333238062337892	2.68826288493434	0.9756929218470461	6.904772708134098	0.7767803118640259	1.9410276301626386	7.621341026724263	7.959963333799171	2.0592868155381243
76	5.469664339193515	5.565741923010245	6.682378251947254	5.997689807004685	6.90987251302676	8.249886939196347	1.4989413454703464	8.305265198983799	9.544898198515556	8.576586458344032	0.5951887246417996	1.3960065520394653	8.527727621595547	9.769352443377297	1.2449016215962676
77	9.738456032840702	4.303502073621834	7.101394949667168	1.3589598780341288	0.909976648823901	5.435243064093354	8.532245961366762	8.577164586891447	9.95967735887757	6.113731317540778	3.178453282819919	4.565240411476618	7.17298956256156	7.962043966428158	1.3872619163801354
78	6.3108786923845805	4.153794550899677	4.03439583638358	3.6996291677172106	5.657621030743336	5.2786320975135395	8.406399756715015	4.120517237003885	0.8951884699643681	8.095624342098159	1.2834910629872982	4.383487669277077	7.379517945189301	8.108499594383499	3.232191461806684
79	4.936134046490063	1.1034010500455984	5.509926805428213	1.2013638749420112	3.93784953290039	3.9896379372616724	7.011954255518929	4.3449029623292885	1.0175711973322186	6.004362510279589	0.5422117407262833	2.9735125814292456	6.457503433940497	6.585376459866662	3.329155175106547
80	4.304743207905934	4.372618262170866	7.8631759922080064	2.1270714510208966	7.209194613110477	0.9409773252284923	4.306266318456007	2.8772445695972317	3.106330856569992	3.687602511100096	2.5734665017385714	3.659635121636591	5.801014069649085	4.625629532324255	5.983202749888861
81	6.137870208945268	1.1547640961486518	6.744086983050826	0.3796911284370942	4.69523832789883	4.9944513279216745	7.2562651832211715	6.24316624720961	1.443205132538695	6.268735520903635	1.3420774759861451	3.551266870315377	7.120931442088219	6.614310862693408	4.8065109700692155
82	6.612425768172086	3.399790036606916	4.6642736215880465	2.002667266702566	6.704340952746082	6.89230432163975	7.645993186531891	5.443355595227704	0.10948878157683127	7.982711698669854	2.0420011610344857	6.943981285075456	6.153045064484278	7.755200906112785	5.516165400669788
83	5.510987897318621	3.001919647451339	4.970959164306798	1.8620055269743763	5.66233839465864	3.922233630195817	7.0353542312316035	4.30387859130728	0.15552479688094473	7.20790738404836	1.1422485743969544	4.070181050396515	6.247276450289232	7.118653231420946	4.459162122755973
84	2.9234654194827367	1.085797623791212	3.846392354230644	1.6569683616705495	2.430404963315175	1.8487486855380186	4.2032195186037615	4.579064447113406	0.6144016359740413	3.60060425087338	2.741480385813942	1.4048233803201464	4.623812753625608	4.302447499711968	4.069879245190929
85	6.3698913475191405	5.0459285854096105	3.067013724006384	4.407278229008181	5.947177496089429	6.264175870232168	8.48673595120438	3.359322496838344	0.6367866897002478	8.085589096301264	2.948985014767327	5.6274657677110635	7.291226574906841	8.223297649635576	2.7261630036950084
86	3.5866421588988446	3.9131037589573356	4.5503719810328285	2.7060397821366884	3.632837101640128	2.662936028143427	6.841536423697429	5.014804893533718	0.33931537337063017	8.26768260196132	3.6312306107775374	2.345182439175938	6.873077401972261	7.0755779261228025	4.873976262197453
87	6.151928775624478	3.1858311480875736	8.1123813495146	0.47566496176475836	3.0475201788507613	3.785688817543161	3.233691406381776	6.556510934042264	4.106240529392966	5.003142524349206	3.423327776748963	3.4413342169588277	8.401775760280625	6.9474695861541305	3.5225073203464334
88	5.801725609516297	2.9464098961543965	5.753682807976383	1.3561694117594947	6.108121455046434	4.010027370234483	7.099139380676158	5.2582847800425725	0.3080200228711356	7.513234602926263	1.7388108764334325	4.268566535825712	6.793273859626949	7.317403407255343	5.55050059380369
89	4.9835828302462994	4.449095361969251	2.3910198826619924	3.5184090378940462	4.9470582940732735	5.54783776156345	6.762196802241627	2.378822501602356	0.14367188130607655	6.732582149749726	3.2250063245682785	5.4178017180959195	5.778874461922355	6.7644601807675055	2.2615772339139286
90	8.780599928238216	2.5838864600934848	7.905642042604532	1.4627722142984108	7.644939996422664	6.968758526599399	9.287683608123741	10.024965239365743	1.1481669203630804	8.988144765480367	3.3159448870625736	5.914768870364289	9.163891326614387	8.497859968921217	8.907928398128881
91	5.861662442054499	5.478848567020171	11.485142615176466	5.562912195916096	8.800852805914937	2.8128201614718917	5.687627537088326	3.5369113883119963	5.467643974193001	7.622732231032968	0.725327702438263	3.4952077921249756	8.230660164304101	7.903233579327348	3.2430687893025003
92	8.190102662066101	6.102796747248673	11.94457867588011	3.74345080380204	8.551666677336252	2.175546696094476	5.118481914707161	4.497249950802985	2.17316092086535	6.930689136784349	2.3651976265774177	2.7388307138497607	8.784331748608711	6.956620662577486	4.868583781108105
93	7.8583298516652755	4.206383138058869	12.185735789177132	5.296661703584715	8.816123006192516	3.92878344455493	4.439347893817492	5.057336720756371	5.744490519957	8.368020994038043	2.3179460467795625	5.326210855644478	9.260524323727298	8.709164710430231	3.5196202775187215
94	8.135437309493417	3.863977922138818	12.326722139903287	4.1823046062027185	6.358637042876206	4.95920788327615	4.397244509074151	6.160630916787171	6.145113007504403	9.35522701034061	1.554309092520883	3.1465855369486424	10.530459870290926	10.221402795876049	2.1767842185301314
95	6.525890388978346	5.442737617902554	11.445961659574962	5.4827075486347265	6.412793398779696	3.559460532261657	4.924564799952921	5.679204323636374	6.094983840567609	7.608378464619249	2.1392965658466996	2.5611984062566107	9.631402490224916	9.6674444524854	0.9319245879180196
96	3.019761981255875	3.9089481974309828	9.30357912741844	5.041848733022444	6.343866494006319	4.060876891408981	6.938453706362459	5.437180240795603	6.598541065555138	6.684322420562024	1.3792037010595084	2.6099951416893137	7.046450388254598	7.029216728696539	1.3036665882565581
97	3.3269432928724743	4.997272060140139	10.038807835277778	4.6129099652990035	7.607213466974256	2.358050764979447	6.7120387471850655	3.2556916508130826	5.880121426963446	5.783104712560601	1.8181156997884642	3.6358180389645587	7.47590406965309	7.350271625821775	3.004242499642414
98	3.1660138433874936	5.880448710323613	10.591471523802548	6.178872013218215	8.520612656495844	3.3406192694344723	7.5065704608413455	4.627872305765403	6.934653092042215	5.151463628049953	2.187873903634726	3.964770930025845	6.657390889984409	6.715579542345679	2.381102414400362
99	3.40117801202245	8.23112043185408	12.040989778746471	8.763369391595448	10.530935089371912	7.376114870505009	9.95958651778213	8.469054821921576	10.174886906198715	4.9245868281188825	1.6024827207767338	2.9197982527635387	5.988923443734809	5.859708285803261	1.7736771662082877
100	4.786632537233573	7.551349322776085	12.695020055908904	8.165656515580354	9.360400417433787	7.563849123478524	11.14942092764519	9.228063888216745	10.40106911957462	5.483407985071197	2.1490242226428906	3.052895439978883	6.4673037591508695	6.233226884396629	1.2242182050713992
101	3.9704026975508704	5.645145624718139	12.262242118888496	8.834163733513265	9.720257735671504	6.663985763381872	10.959046311042906	10.313362184240859	11.218917612360283	7.472560090787136	3.649532446778989	4.555303039183819	7.674723616587252	7.868671304456841	0.9129712392575775
102	2.6362082777079427	7.412787517782237	12.643305970084452	7.422134841493081	10.36054322703096	5.848286511080677	10.366770495631094	6.393333584716204	9.39437089008498	6.023961905333981	1.6005571603921105	3.890596449985821	7.25544062358312	7.146365659070569	3.01025062620759
103	3.7803430200906343	5.660719505410243	10.79896349025219	7.644990956767738	8.695364072902601	5.745823799845119	9.259661782351978	8.475021024315774	9.505828521485158	5.551715906591401	2.7967209445934866	3.783536937939328	6.007602973826477	6.0423598569265975	1.0666432360775642
104	3.5875342545766986	3.9689645137119984	10.445497324565018	4.422319028446347	7.764869621189312	5.284864231571868	8.96855645032296	6.279165219421345	9.49746899051004	7.3993915390222815	1.1266138403415424	4.22353722793657	8.060033915954042	8.267691919244331	3.3823751176603603
105	3.118912291517935	3.480055072865376	10.33557260464881	6.219036995121769	8.597505762756489	4.029581489635314	8.273370229163389	6.881528143928658	9.198969221364566	7.668867093636558	2.9463471762650224	5.339005547642706	7.572644292975306	8.05264683559518	2.4013588715272216
106	3.0351625928513695	0.7826220598284801	10.697434727632407	5.127359530388283	7.647981019549342	3.1583819538482154	9.059207691133018	7.219474467547833	9.636136457895537	10.125823759850523	4.470350443280843	6.9886663652766465	10.34316753034836	11.137292664670701	2.521289358706466
107	5.897579986445348	4.2610950357225885	9.145555934236283	1.9601004168984444	5.9517256123528774	1.7538531834643518	4.605979933863972	4.166775999147743	2.566981555434702	5.279817265584006	2.75369847228486	3.267224766746373	7.992373584703704	7.080123748982832	3.993212696059561
108	3.1585042760476654	1.7246466542370662	8.227263640103985	2.8150433474907968	7.784704769968553	2.968329742550203	6.06761997216716	0.3441681811758206	4.838967721577627	6.7792248173174885	2.6726617068277734	7.799123947869261	6.244630194803947	7.359833773611098	5.156101344291431
109	4.938251576178806	1.9182702971180356	7.132098483187495	1.9121797002219079	6.134308520926173	3.5266117604061145	5.462736686275185	3.2192238616184667	1.2094018154370147	5.307687338084976	0.4611729783305519	4.63382291155666	5.543439243063119	5.471636996042305	4.3666856302899815
110	5.858348185073017	4.35098344493255	8.091533139791164	2.4242566060242168	4.8261683670422375	3.8181976737073287	4.307570577528889	6.241534519141606	1.1641694219707273	3.8708542994918362	3.2213524456959175	2.785694160377183	7.048175663803825	4.255766835271702	5.078197269927887
111	6.053282849589645	4.229504770332512	7.450551635087018	2.3519965339529323	4.1558388832804605	3.978673704473173	4.431205954884066	7.645788390862758	1.9035144151733567	3.2499265670107724	4.618782070378982	3.0494216755526575	7.749735958594807	4.912580606501365	5.870521346799724
112	3.751135522193627	6.6653721627929	8.62744404179678	3.8257841171819615	4.648404274651163	4.6209655254305435	5.657489126853798	5.0655786080664695	0.9531632136128221	2.5917886084891384	4.592357558083972	4.8305536804759095	7.1359267604631995	5.408289053763766	5.933023534320027
113	2.9746564691505792	5.944913954167758	9.197368264805815	3.19391277384645	4.413422874892582	3.8542316614188192	6.261054479133219	2.1202321063339973	2.3598298842417735	4.686373832717011	2.789163735142867	5.6316307421366965	6.723149503185529	6.297888806595625	4.47242402151819
114	5.830892732930983	4.924411622614536	7.478598335598002	3.2134247473088466	3.4353458293293584	4.990777631444115	3.5826568790388986	7.849860432503219	2.3958222881400775	3.786616907974257	4.4940129502742625	4.023065223258508	8.119544512319468	4.702873610754121	5.6707947694757035
115	6.392995577663276	6.306492068546166	8.264608434819397	4.458492036510546	4.0405798866518845	6.353240075705434	3.5967982901922815	8.783227879538773	2.5880625851602046	4.832839868191349	4.590396189539629	4.679158332211324	8.8507068022521	4.399172151856497	6.248975826888091
116	6.750986991303748	2.6566992263750597	8.670092806529613	1.8852818215571339	4.343368111121775	4.553224270228171	11.78924690669152	8.044177356579251	4.408613951026009	8.234518554858056	3.5274146611630517	1.8457589277073112	7.07596862746884	7.439317093385146	4.669795485523166
117	3.8764590840506705	2.384197387055171	8.746613814705608	2.0428308677019285	2.505764892366286	1.5899151248872685	5.7682842124993545	2.488418726204979	2.219557978251167	7.125783104889442	0.9943148739283578	0.9479068966891445	8.117612445882441	7.943268215441945	0.4714195190540291
118	1.2379903863241883	0.4983635337955391	10.329522485078632	2.3378697616864743	5.484031277394343	1.4174645629466196	10.086372250003885	1.1082346185737015	4.254250727076727	10.826694485900674	2.44149882448642	5.645586960990688	10.181440461445778	9.851240774514634	3.212250779784116
119	2.3755457935690267	6.901045861618049	7.2448778891696985	5.302628857828425	6.642590580749471	9.237261974856409	9.525169053676999	7.598087714755466	8.916024312365835	3.7749220828111545	1.712798797065403	0.9244738606082751	4.355845435127988	4.596594638976621	1.3512841095965302
120	0.9906641510918515	7.1398376772039	8.215032260102454	6.596027517694021	8.42486669887342	7.972236394072463	8.674289297626318	7.413285371123902	9.237848880336143	4.166359741546907	0.587062710024555	1.3079535970658636	3.9833666944156096	4.124955413207843	1.8288487071787887
121	2.8161348739558036	5.970112336357241	9.778490806559551	7.805111267442239	9.360340881842303	7.25823086500642	9.728689245421412	9.082145490419565	10.682217745184508	5.045781695564944	1.8562570917058714	3.449910458902033	4.5807258174010705	4.956789738219822	1.6009723317441868
122	4.282767745564892	6.798570930451593	10.03815201979683	5.8973675116759585	6.674097550470021	5.7025437849858225	7.357433823220685	5.978392222110882	6.733638174248909	3.9480140204169016	1.717621195098311	1.822539447345402	5.652515181218384	5.541883622915852	0.8149530816633448
123	3.520697521084048	3.747084575216828	9.596679116784042	7.4375350549745205	8.897682028285471	5.499857477975248	9.361773583232846	9.177336985909273	10.730686579908525	6.309616056250153	3.804995392117444	5.334283391333792	5.238576195324236	5.8373644624441585	1.5534121258846505
124	3.0724445592053815	5.7009260040301974	9.735678411905127	7.5042364676239215	9.004498817478407	6.879411575548755	9.644626628668844	8.740900913261386	10.294043209582536	4.768245985780502	1.8753086360677753	3.429420739030526	4.214931888278764	4.432947773056512	1.5552348254911008
125	4.954543800310278	6.463438186349277	10.937807197581714	5.2326665389127305	7.8486829246031276	9.70197750942269	11.725767513170247	8.756476617568218	11.418304038653702	6.1701354633866305	1.2626510541034457	1.7743288725880155	7.0704797156490615	6.804733670295043	2.704869037250555
126	4.928397005311175	5.816310513803183	11.199866131402704	8.544241688462296	9.972219334783656	8.009122182729538	11.866081122171538	10.941773682767836	12.537287846285405	5.58888341586899	2.9629699709209185	4.544133640729708	4.322900737066402	4.65503723430657	1.5977297303483016
127	5.169231133575799	3.569813209846794	11.777585559957055	5.714172913769611	7.990600822274589	6.97965744536089	11.146967170471589	9.317136592720237	11.709151777771485	9.054078594988917	2.380983356822523	4.785906379370292	8.962400813273675	9.59480081347546	2.4060837823462258
128	5.709303545751179	4.157234391715081	12.289081203150936	9.201237300744914	10.555212133671905	6.043349373296737	11.625938181213344	11.676522210151125	13.24439412812112	8.146075608372117	5.802013996002928	7.336438694015076	6.4154934277661155	7.1215947888437094	1.5715353158389547
129	6.370444451537301	7.133761775649967	10.323018771022761	2.9409794592572376	7.019603465187907	0.7770616042965728	4.906993402599867	3.53841083872608	1.0058221083607688	4.307087406329244	4.272904421563451	0.9721816760092306	7.4336690717707405	5.195109180498066	4.3228562088572
130	8.636098915699085	6.618334996100574	11.873836803393404	2.8464177957541557	3.0130782412230817	2.035636410478137	5.102659985793448	6.714028508017905	6.5087979517565495	6.123333660541784	4.71583744654926	4.515454000757085	9.201824521421678	8.99776715903706	0.21365405547421826
131	7.433193122525035	7.844888024745513	11.419964399148112	2.9621822124321855	4.964612795937743	0.5564574364947349	4.473966233182234	4.513568633994252	2.5397122519762467	4.389182537822659	4.959761810953396	2.8966330537295057	8.473574661345214	6.884465061278849	2.1875501330264537
132	6.05558876365011	5.741934072222822	11.91234282133119	5.092186246429584	6.243225211064073	3.4737102729083666	7.630972452467105	5.348387716353594	6.246883755406721	6.171105062691344	2.201627591992708	2.8312464369293893	7.498044098685724	7.000756139095802	1.2325380262263843
133	4.049481465435069	5.210818882395246	12.293261478688363	7.750317494084225	8.51484254978588	5.297487576503071	10.377543103339608	8.756595728562763	9.459558201256172	7.400306286237068	3.49075052308276	4.169663258010711	7.698615621502192	7.57360680591538	0.76563102952906
134	2.9568442018388494	7.659421928595169	8.555069487473682	4.599226385909963	7.5301630911221	4.8851204456483375	5.625919308154067	2.0233955369681746	4.879964116770603	3.2608591068332355	3.0708043263735227	0.6501009821730377	4.785785018800692	3.903679906034998	2.9408233047403516
135	2.9732611865847667	6.642064448915615	10.250233943765059	5.196706264035778	7.493004944147179	6.217083941820886	8.693919507951767	5.273947953706203	7.539873281044987	4.413729368310077	1.577645363868727	1.5681776196210535	5.887913759979995	5.112294125140448	2.348982195016992
136	5.307894727841329	7.99396902435051	10.769729732116101	3.5154988605678446	7.223775941274272	3.462031662281537	5.656459302159072	2.6884309324123663	4.446296140776029	3.072249701407764	4.532096875739208	2.5621852355820294	7.445355440118531	5.394018689586312	3.8317420003993976
137	3.415505483679052	4.6862842345125655	10.857444266644595	6.69234225713117	7.83051580384069	2.4300396069230272	7.690024297744797	4.797653601976729	5.970676998296217	6.340084374694225	2.3727586819094775	3.554636740259436	5.534725644048834	5.3177531791186725	1.1896408048004092
138	4.765985009577157	2.7435880581339642	2.178908965527094	3.589929435292712	4.106512839465929	4.129658931487172	6.29677027078376	2.546819881863839	1.0201906253733688	4.916603003658477	1.7394575234415728	3.129416478945404	5.665814564387089	5.87273363711451	1.5288233861363532
139	1.646258219667002	1.6726750967169428	3.704423143629247	3.296876898856749	1.6766478495683086	1.7326459596329515	4.783140077504453	3.899043977125478	0.10575928085775181	3.183067259055618	4.9120746984958386	1.834646113986049	6.5700740023429764	4.871231804030702	3.8293892654121904
140	0.3816757464358237	3.221212005174045	3.589217748352204	1.2097491696569878	1.4003402239309417	3.1562971690700095	3.6770362405493424	1.3141360484043674	1.0811303186968146	1.4335113870967784	4.4264122604501255	2.5138530331728157	4.756030128270098	3.4179569143740616	2.32731869477511
141	4.3295752710550275	2.358662044774523	6.379701447051036	3.9898659838971553	2.8560316143391353	4.725820002083785	9.067026051402717	6.646258474557907	2.6552658114501324	8.646133883796937	1.993347917191466	2.162693771889362	9.769299354790723	8.984055531451219	4.005529947175512
142	3.1412726234431965	2.6928250868558687	3.5158525246263848	1.5251319803986534	2.9956012862324792	0.723118145404151	4.285269107466509	1.9257307349951067	0.7222734539996429	3.5697630301486027	1.7839560388525566	0.3193693198607137	4.234404800958501	3.604989433660719	2.096535220152166
143	0.7129937001280608	4.459259950664969	3.974831107133189	2.513197118174938	4.01935621370047	3.771704994707322	3.633525665098887	1.802194973539648	3.3266846702905934	3.103115175537066	2.0395489425032425	0.4562276899675171	3.1835737062815346	3.0163484216331384	1.5835639523788911
144	2.6626963547520095	2.3247714533493347	2.9832654439285844	2.3444467820059347	2.45811661591366	1.4409825240773761	4.0091192021629185	1.8430026920925862	0.6208289378121307	4.675382610194127	0.40347864899525787	0.8223853644354292	4.890707889290082	4.284286455238071	1.2255535535126978
145	5.076791407679238	3.7668561335078077	3.532256675152614	2.2848134353320377	4.861095761463293	2.8754761720614788	6.131362925663302	3.5272872478652846	0.2981018130694498	6.415160098469851	1.4892656580096475	2.888995373375045	5.2105736382535435	5.8358051972634435	3.4137894190644293
146	3.8001760292891027	3.0868096883272313	2.759589412350545	2.4261022847418316	3.7207546997107013	2.48538056131213	4.668687230706827	2.232391663003361	0.2071761597819095	5.299723669258013	0.7402730255652938	2.283104817757188	4.5594506438564935	4.716954071985493	2.053542204673274
147	4.265434849605129	3.061872433022981	3.704926585528201	3.1536726556472767	3.622768595313845	2.969637374287451	7.1132292495849985	4.147350345693784	1.1251555294343263	6.743025965385778	1.1832792486401753	1.846675727993135	6.819810639463142	6.879619746114953	3.0273662117994347
148	5.4468362228026574	4.1186494631073085	4.012906977995116	3.9466776118259412	4.9838415385919115	3.810302447613231	8.543835282765357	3.635366619515095	0.898503545540238	8.115590537675864	0.24359387033190583	2.917860035036571	7.931469818581371	8.378184117781773	2.7497370789539004
149	4.698933685576384	3.8584954554049493	2.2498627146284167	4.036812935140672	4.972601815871979	4.236744063271947	6.3662631307261535	1.6509871683921216	0.2810755521332174	6.095691932211878	2.600023829778375	4.365509599549867	6.080584632071253	6.647120539178375	1.7656506696169705
150	3.1465377427577312	2.43784029420966	3.656932016121032	2.581546132223723	2.5009913999450357	1.0196344328698672	5.8752675744440515	4.050571635657415	0.9216519452391784	5.639560124025562	3.0310513716054865	0.09815460484579416	6.049798891722854	5.660110551240113	3.128948517989208
151	3.465172788909307	1.3905323280578497	4.478317204441197	3.3966335189362145	2.659572965296725	2.811284385928068	6.816018413432532	5.282946280075696	1.1754425433030224	5.848752097366563	2.7080124836955553	1.7169401452164406	7.447184270629173	6.6052277876818675	4.1075037863723045
152	2.9833871182506106	2.3198215049539184	3.3591393193280563	2.5745943777722626	2.3975080582328623	1.0834824874258253	5.53305661729088	3.586966995940006	1.0148285004723951	5.3498698528259165	2.5040365374559266	0.08631165142113914	5.832603203659654	5.405701323167368	2.572519989760112
153	3.1068578983013553	2.680799088431455	4.019227317685872	3.356507946585595	2.9450251896956376	0.427876078189655	6.848966879746804	3.4370864947321444	0.7934899305367367	6.433480711808115	3.289079494770333	0.804247060287922	7.096227296576878	6.88440945429788	2.6576531753189596
154	4.048798744839676	3.3076558840408667	5.220441195118234	3.7667880588099565	3.30270541870896	1.9570356105365667	8.305510564963411	5.647412459182459	1.1632475171550338	8.34347594289285	3.7591256061768137	0.8421191565529973	8.478284128809726	8.055984472816219	4.484782994609192
155	4.7623878312766	4.26590506313575	5.254624675351494	4.11411127533041	4.246052419675232	3.609645964377097	9.194760342098213	5.344942887536013	1.6243946786511696	9.520527425911913	1.9551817101428397	1.9880823471706295	9.11703018349938	9.239391759009688	3.791976481871485
156	5.990252181870606	4.324597390250439	5.546052099974094	4.094420226455708	5.331973860495427	3.6025283219809543	10.217787867214057	5.9841753321472915	0.9623660400402546	9.74028671240389	2.425716535114724	2.641208075600685	9.56454408578392	9.928450941074507	5.023821710886012
157	1.5205973259587404	3.710781791031186	4.710614209482526	2.2145647034981595	3.692110983358713	3.590397270299344	3.2082997511797067	2.624818987475384	3.838640750836892	4.677404398918237	1.643925452740404	0.6612959585511348	4.840687519646698	5.262822083832926	1.487244866605178
158	0.3532522463081956	4.1285553893677225	4.661306219816618	2.220677049327351	4.539573797984861	3.884034272712315	4.53274112037558	2.206212125096096	4.308684342067298	7.251086358517893	2.7683567731679593	0.47220368883627956	6.673463237790789	7.721014032531035	3.0245436025660832
159	1.8493416221711196	4.136908472636933	4.252759234000022	3.6410031440300523	5.780278737893067	2.7145886254709426	5.588632182151342	1.8285209180191533	4.336521995312553	6.310998795061207	1.5976097458607363	1.6512362013263133	6.847313554813134	7.507152213302611	2.889965569855181
160	2.1108615644301256	3.9105993353777433	4.442444749836607	3.9841126942669485	5.66520338730105	3.1667708081171106	6.080882559496676	1.9143187472486125	3.557487829815753	8.337916225978134	3.0938748439379893	4.782616877892766	7.939267858184727	9.193531897417056	1.884207477092828
161	2.243251370356651	2.4127440002632325	2.8471161058321837	1.659516749586547	1.1134792289726372	3.424913831142431	4.631095738576023	1.0622033449866857	1.9760286335188606	4.8584507442445055	2.3627226081946944	1.597310546066755	4.423720037383774	3.942207582136689	0.9854256590173552
162	3.1299238012091632	3.560717295216382	3.5681184450286447	4.2006935690773295	4.496049605100768	0.5881124005857172	6.6942014180578395	1.8337588115364118	2.764521729019308	7.126415082941838	2.136978041420072	2.3027899535876557	7.546380262018846	7.7270887780164275	4.425069643031218
163	3.667381523488674	1.733230269907875	2.961428610849039	4.112799008731494	4.649375674330286	1.9894517367576885	5.2547051798343025	1.562993971049698	2.1471835502220675	4.013535001211246	2.440408320086599	3.436080771060975	6.34146618555017	4.948813413319022	3.6648019814715767
164	1.9859544770496045	3.005103067393585	2.8910887674848116	2.1170439617811545	5.113925271802458	2.679299863223982	4.835570212972437	0.8342425142896188	5.582545324019742	4.641419303950101	1.8586358758684505	3.022662160947915	4.736405791283612	5.02565339980909	4.813550345450866
165	0.7360547463949764	3.7151538205284695	3.65232845319288	2.316999799094415	4.080471692410467	2.9815554875632837	3.556908238299829	1.7406995260240372	3.4135778025890833	4.361186394410812	2.312251372245876	1.8506274057527559	4.925976798875641	5.909720896817773	1.8375907271281993
166	0.7761807918084709	3.6183912004803536	4.930155182174022	3.8494581060348825	5.772360704391913	2.844343803014176	4.758296520019885	3.077533092849383	5.014009152600531	5.393498784074648	0.6375080091958026	2.4708194188347212	4.95367085565165	5.504873632027042	1.9870403867741455
167	0.3942425364799636	5.630773233722374	5.644724217853958	3.068610752702244	5.417655110267897	5.30426051972804	5.279023139857859	2.7728607415330058	5.083548162216072	5.12951043034683	2.5982866964731146	0.2877587071916735	4.898634264609279	4.86361451820571	2.4162689784785782
168	0.9641580024336436	6.202181203464671	6.561746596105399	2.9120097218599175	5.461639511205787	6.273924820271691	6.349379369652763	3.2304462401504033	5.724618180125574	1.8876744082808017	3.384223646099945	1.3542541689292682	4.196158214433655	3.0872360652833457	2.549850876660471
169	4.314356073319409	4.727242796428563	5.827877820024422	0.781944299568361	3.6868118930711535	0.5346078757947169	5.97315926127853	4.756290651288207	0.673279547827308	6.461157519847534	5.117622627416467	1.0420826801069867	6.598057434064338	5.967975322998434	4.098429659780676
170	2.1354579205607935	2.525758249856494	4.763431638530238	1.2500969776495479	1.3257726904358584	0.5884239138199244	2.6552583067115725	1.3080020280710436	1.4719734303102774	2.251095638066656	1.8678255881473207	2.043341646236009	3.9087100421660548	4.034180447477486	0.20691443713408153
171	1.0090939219954789	1.5597381024921573	2.663086316445705	1.6610512934685888	0.8362848496668174	2.285109971203402	1.6753166741077192	2.551542339370222	1.4865237599515653	3.9049655630447164	0.578565803804924	0.8006823152768504	4.218822346219521	3.1246113613214908	1.1221006174274992
172	1.2194786754078561	1.395178802694815	2.862831921766341	1.3523052143530596	1.1439633466782588	2.3557767706693493	1.6753182477054753	2.412236969483549	1.8740228165433634	4.015068952896463	0.2647939382630104	0.5741023728987943	4.0849625324507395	3.5013585010006794	0.7664027890133779
173	0.9579876539646757	2.1071102975289318	2.6146282636058675	2.1347886950453896	1.2274339855246366	2.8255382191904554	1.675317492328921	2.959087442813602	1.9116221483719045	4.435016170802573	0.47231515218648235	0.9154848749372014	4.61355144567955	3.5380410645594966	1.0946604152424206
174	1.1775093340935787	9.044709885429402	8.56873491674324	6.234487001986842	7.805259692806085	7.893670203336243	7.394435187016641	5.144700745501006	6.703443424418317	1.2358857800926009	3.0347519308815367	1.677532757301652	3.1111752480444745	2.286342405030822	1.575817814314262
175	5.346158254974008	5.348993505929732	5.569552245266044	4.565902796233578	7.730431073988501	1.8415337989249394	5.329177494330288	1.0330962742188978	2.437319881573177	6.890621701907449	1.2944143936837877	3.6084479836421206	5.60297194224309	6.327506256711119	3.4135499114598002
176	5.703445252198269	5.799474666110788	6.006167709676536	4.421671872010567	7.9398468331360075	2.0193168298005366	5.432719002590949	1.5257366527204852	2.262636860176445	7.222183714816579	1.6726216477687101	3.4612730485340344	5.73558790660116	6.38531266954362	3.7429783984993374
177	2.598018293405831	7.106856584282632	7.235469878890552	5.475129220980111	8.027706986282077	4.510664891509878	5.500826045228862	2.877401441232344	5.441240370505877	5.095699049519813	1.6513701409581734	1.2273897102958908	4.582356950891584	4.707959285446488	2.590667406993757
178	3.6921834229565538	7.224788467988764	7.172238453032422	3.9779033122247904	7.617044884605042	3.673380069508655	4.88625289610248	0.8054849114791673	3.940312287818766	6.098891531084213	3.246895239310911	1.0375483607234082	5.5451279046044855	5.400314860546339	3.7098836963078567
179	6.459583307857368	6.931042686619812	8.107111519727226	3.2628130751631708	9.314786379592686	2.0156601106600402	4.86242505809634	3.201395324239469	2.855372929670296	6.872031968321213	3.9896333195528513	3.3721859046527114	5.734075594183108	5.592436129204251	6.054783177811106
180	4.336309543024745	7.581710601821137	8.11955722196336	3.9892638051819618	8.191466216555584	3.4396070323536527	4.807724130567801	0.7952017648796005	3.9403218770613937	5.439685874788568	3.595471216138037	0.78243655906639	5.600868271324733	5.1480114524490315	4.207076074887146
181	7.342433389347228	6.954027726273683	9.321570144163585	2.69295829738985	10.184808963234701	1.5718221606549552	4.862429308324524	4.78921626494629	2.8553519146874358	6.40453910232126	4.7181902230899135	3.5749578972076614	6.779155826931518	5.592434641738566	7.643644576271378
182	5.334743370358991	7.747096089119609	9.332403860656393	3.4489531385882484	9.057847988705964	2.5912702379215617	4.807725533353797	1.9065752675797687	3.940319973079528	4.713159794801201	4.318902743098206	1.349961874671008	6.396850766889558	5.148016492311415	5.649076603679039
183	7.078595459446733	8.563839379917676	11.293423390795175	3.0464134842345083	10.580097882566195	1.4985660982588844	4.7884907778507335	4.361995866032332	3.940316303299291	3.537211165660622	5.773772104868152	3.0062908028300193	8.270120374896047	5.077643540765846	8.180996667668985
184	7.264934180641303	9.718009987179602	11.616959636490048	2.9767417804410607	9.799267234500725	2.4640704479149114	4.516892781304221	4.643131659960533	3.267946743191115	2.1970639267555154	7.007434175495179	2.6552240261302793	8.767220119923943	4.391011240615933	7.599975225299801
185	6.796957941063337	8.958296513891048	11.253392277588784	3.216217328102173	9.48954099831749	2.197153366975502	4.566357429419999	3.7044387011094138	3.716269665324739	2.381430447234401	5.800207045260079	3.441720674880494	8.055159675413217	4.788788125099959	6.894566737711463
186	5.0826599815046505	9.214862410431996	11.788751691702407	5.226140405601724	11.01244130492986	4.132300082390669	6.706759003330025	0.3008108298974266	6.49573238390319	2.57526352168369	4.002119237169462	4.034384952685517	6.569776101860513	4.247166136625403	6.550809205993542
187	7.516785941879658	10.395427905362016	11.064573880330217	3.3068811185193434	7.6784002334272605	3.1888768605380178	3.9752813801065523	5.10936597793201	0.4470821985317397	0.8042094226884899	7.524396108334425	2.8613938382864283	8.107963179100262	3.6302131544695455	5.117467866825055
188	4.195667464600168	7.241570299655099	7.771377674811274	2.831267617861448	7.9473350205251	11.183312111322225	11.256790456061955	7.023852318964579	12.142828346872717	8.273589077786463	4.9441787426261925	3.4546887572348814	5.816340556432769	5.509647143851389	5.121372057339463
189	3.2109837215320147	8.343856932537927	8.469605602711516	3.837698036039574	7.456127626162301	11.452282032905655	11.094814286867782	7.03419147038512	10.656508144093465	8.160505283835004	4.606391326294342	1.8122803153405698	6.57896813472036	6.363905918956488	3.6223646687034052
190	4.655975770003689	7.471543234702863	8.56407101563288	2.8556625905627158	7.374490416883721	12.068756484997753	11.745910547735878	7.44904357843339	12.019725988558848	9.12960715625164	5.090002274817697	2.1419811070679815	6.7264343604802725	7.123199962402239	4.593023506324316
191	5.240987037808823	6.66336866646154	9.115239086436532	5.295668734280399	8.60795542257439	11.817775249362972	12.717293170578944	9.806636758043759	13.491026244201837	6.296401634692221	3.2720046746880396	2.5928051437857476	4.213405702370422	4.71465738034018	3.806875642832138
192	5.12434868847534	6.596220630657842	8.764360293601648	3.582679095247336	6.62586897345974	11.711430632632752	11.936975789994655	8.590658726695947	11.736601493471367	8.832161632357895	3.6113058442328807	1.1670509372414066	6.721149093688287	7.737637374257943	3.251491529604482
193	5.482815059509318	6.280137735457121	8.724378397025685	3.132129617694649	5.977798723082539	11.762345403628725	11.99765816011742	8.43938194029437	11.43898655054573	8.622918073074132	3.697858772417236	0.9283309672632588	6.762104581506192	7.695745660563235	3.1215954227259055
194	5.071618694535062	5.907376462282539	11.055890146876074	4.5487837551865455	7.4101095363261065	9.788822357690883	11.997652550311361	8.405120224707547	11.438969785455399	7.364662327549002	1.413082045841899	1.6519476421225798	7.699113838206328	7.69574237865938	3.043204679427284
195	4.6318905418310505	6.241478668723314	10.690642889574507	5.353691337906191	6.878226487464225	10.120770637619847	11.771097883608514	9.197307029187792	10.877939590095098	7.671821364805556	0.9250877741650394	0.8152811330807738	7.644037822469639	8.122072454204433	1.6964834561271553
196	2.878360741370151	5.39546507459254	7.905433831088014	5.753975826212789	7.327114167142293	3.1227907359165954	5.047044036825671	3.6950624203957534	5.1316257759043005	4.435175622056068	0.6849211437791223	2.014572231334574	4.942024902121441	4.955391281770316	1.575679601383142
197	3.7881990120872526	3.390782727294038	7.774064919123493	5.382374675028458	7.774564217011567	0.5492956263114346	4.7849835252368464	2.1389758706366524	4.297777834310253	5.327480001984492	2.185932688092211	4.492033039997516	5.630585030234171	5.982345967937798	2.3957215911127525
198	4.405919918414544	5.899650788828504	6.747707341058177	5.104637272848578	7.7920913018721505	2.897351498520242	4.773568907291966	2.9507639937937835	4.1596939539503435	7.556382489703056	1.039901150397588	1.9623424540950032	7.72433289635765	8.24322281286263	2.9646800311430384
199	6.813013301531566	4.0147396368991295	7.867127218126392	4.9279474707162185	6.967525944675033	3.257532412099304	6.131664458353452	2.5616353312142275	1.13117900813439	7.307876357168692	0.9174293257783859	3.067683956009208	7.387113510407548	7.2412648563158415	2.193046620953484
200	3.2145275032529033	6.8133909516288025	6.505960844370079	5.153399764608032	7.5537861640412025	3.6689812508887925	6.193937463649623	1.9783923010249105	4.387760834983681	6.791872754317759	2.219945784070773	0.7549433483883194	7.222079585698094	7.3428402228030345	2.79131342745554
201	4.400025155674695	2.3033523162674934	6.377620709732126	4.929063280738875	7.147861880513853	2.750671772658185	6.032741103090365	0.738552665448085	2.748676176985746	7.06030397450315	3.035750326148604	5.369860923466395	6.70443591779394	7.236260392614683	2.335366742536194
202	2.430289501511584	3.401725475012851	7.422561312450304	3.676531558030127	6.472674042396423	2.5678320561878665	5.120266427231507	2.9056187264486453	5.132817721960915	6.686341411623515	0.3404293929016982	3.0746039015182594	6.907100026361963	7.243276354430242	2.829452725388484
203	8.943045037662355	5.575527509544108	6.850111567866065	2.233192249141448	5.86009966966564	3.7810340480743103	8.171910451730335	7.330232663383484	3.234044574029371	7.5976105783955985	3.6643175277005833	0.6848403751985069	7.535887890225778	7.186562953146435	4.105057551329595
204	10.355124022610802	4.957100295333605	7.472133829594621	3.3038693364934106	5.21079314881185	6.030409022973128	9.539065216458626	7.8315452392107465	5.419801459126527	8.514490416396283	1.8650529539752896	0.7773589979443823	8.485829026779061	7.974542994810475	2.413400007082189
205	11.44629466423766	3.675680325526782	9.06336112374724	0.9175931108925897	3.8704151343438813	8.643284392358677	9.575817446526155	10.788000024711168	7.578198549525269	9.666251378376508	2.771834883115316	2.1079687654267523	9.215617464727787	7.594118369823977	3.2334221129805236
206	9.222612456237096	1.655911190736038	10.73444136960756	3.6377839081418015	6.449301700076657	8.48447802064521	6.96716694524242	6.528893820109571	4.128528453408817	11.108741413430282	2.2462495434969476	5.200461373397827	10.335577333996808	9.675901334164276	2.962808951379567
207	8.459798304832225	3.266014170908252	10.584500148457016	1.8997692858499693	5.672622127901467	6.115884153968125	2.711126618156299	8.03909077924449	7.390422857873268	8.64068005356554	2.029352636109044	2.9744999498545783	10.458649087102621	10.09960446609897	3.8310183106651863
208	7.483886513454125	5.041958762617179	7.016323733698733	0.9637529657551168	1.0044896491341748	2.514942953030255	6.149581490747518	8.317123773975428	6.720064274781825	4.91325950920531	5.921002941927079	4.369067724680219	7.938083887106833	7.0529850215745755	1.6133898234277688
209	10.908956377463841	3.2346438969219213	10.458769422522805	2.600682047940374	1.3240227517040644	9.190091094426833	7.547395938642691	13.1983635492095	9.897597395517227	7.282475578707004	4.430778145143991	1.96285043670972	11.503011106188609	9.137422444567612	3.3091578508533264
210	0.30242546632366435	8.67941642469356	9.73482579458	8.95682372556499	10.799822291907098	8.413899983072522	9.591917942930712	8.69487074908218	10.54059378732421	5.310633635725699	0.34884005436557386	2.1608595315501016	5.131334926359988	5.486074320393554	1.8524467334264287
211	2.7246325206504705	8.879518995201568	12.822998710504535	11.141976592440205	12.746285374434157	9.99459962538103	12.618704060913364	12.180761396447506	13.830369626237491	6.319521651571802	2.262997807498822	3.8779119978699135	5.72608641813437	6.259840523820495	1.6506411228176625
212	2.5365331486075684	9.672934966114541	10.887071874111536	8.851356127680605	11.274057875797007	12.127893878952781	12.686202142283362	11.25320545487744	13.680328547247505	5.954132922642343	1.1386809188666285	1.7614282229841545	5.18525471220026	5.555764804560738	2.427277144916756
213	4.679014457853912	6.422569457662223	13.5160719311353	6.066535239660055	6.2074149615380065	4.90488091243134	9.055818521775477	5.873759405559211	6.108726178988768	9.053584665552147	1.703656109711784	1.8922018901636832	10.730231663255475	10.886966395463872	0.23741057830053983
214	7.440247271385846	7.32622319276132	13.752860687732497	5.398717009440295	9.473279294750666	2.8213401545083485	6.330977180095833	4.9420484629667225	6.365469172321961	7.733037268094855	2.8793679231929388	3.613919066248395	10.585568700831868	9.701127550210721	4.075065497251425
215	5.407883547472065	6.206197282310448	8.008024469482097	3.9106414897408768	7.219027686343934	1.5937439657448842	5.829962592958928	2.357144683281201	2.2062874580857383	7.316495443631927	2.4265985029383605	1.0421492288112246	7.585208237940994	7.447559995818555	3.468745240746669
216	7.504003704628945	7.595511457527705	8.949094549300982	4.312329677559896	9.110858040918396	1.7683635327281548	6.839939361808925	3.5849859854573	1.7458034199308452	8.548671061979373	3.297443003452368	1.9722155594144666	8.101547376946641	8.042523102926024	4.967689305202324
217	4.572053184426651	9.439559110324227	10.260960314498957	5.483340433203209	9.59409194002965	5.270780497585258	6.532008066125297	2.2476725342561945	5.430257855304324	7.546947143372778	4.026655385841781	0.15949431570750391	8.012932139912397	7.630499500705733	4.174355890131411
218	5.896045592967015	9.740714163797396	12.722475025909993	5.648781082304462	10.083702081259997	4.711499162643758	6.862473333051835	3.2147214417479466	6.045635853961309	5.723416373191359	4.355412854909439	2.125037101846796	8.878012863501558	7.744483687086606	4.435634375442551
219	5.803100413960528	9.505348515799792	13.168026327507103	6.515078582461983	10.678145346150073	4.550556430897145	7.49659792273963	3.6008066161783083	7.035272076118793	4.2784186853300445	3.4695826645236743	3.211954870684461	7.701774342630785	6.330212118125457	4.20834538294073
220	6.808235112203604	5.361312312053195	13.966787947456016	6.5896653986975116	8.673141308103263	2.3231355786227983	7.193408196042382	3.355291582936011	4.619376163852256	9.188878066526383	1.7214160605665028	3.7389325398367554	9.18153578434374	8.63074611016213	2.1201303751587313
221	7.93978473683398	10.456964676832639	13.609830375763574	4.905400822860276	10.142709035074468	4.119760997001806	8.573391619859335	6.65821654824843	3.8759441821402842	4.492527182459838	7.105950366075119	0.3153876861344438	9.184450990167255	4.706009616707362	6.831176815847282
222	6.164787553580333	9.474180414663476	13.563838177914562	6.206381731596559	10.107838168310582	3.907250268015325	7.470243983878307	2.644433465097385	5.7952435391110475	4.473310377035792	3.485136985197793	2.7290363778794764	7.911051464179419	6.095266139050598	4.004358635489986
223	10.395195648739463	8.70256756858315	12.43410934075618	2.2943472098759674	3.507163298182338	1.731457774459855	5.717076293691703	9.301633694107402	7.518639845729352	5.844701928536964	7.570319455573627	5.788449912423726	10.478347003431908	8.929187587289096	1.792427294613188
224	7.987401217032583	5.7937090988864295	13.739568065540107	4.354180144048398	5.077624441499645	2.3673755224366997	6.263396330670284	4.471768049767622	2.928778129127529	8.590687195970329	2.133501252424115	0.8333890870016005	10.719899532773647	8.990745136250935	1.9752825252525013
225	5.545355564165603	8.597531404118806	13.966893678491852	7.4045041093642965	11.401166770030885	4.3422124003565585	8.476268837180983	4.107485938226719	7.735650569761761	6.536193308472202	1.572862412648755	3.4068468025616534	8.094719197757213	7.1768272223849126	4.044134953490539
226	2.555129105225535	8.22423376203801	12.35742702063991	9.608297550087949	11.455353144928702	9.923608570664296	12.416721135819948	11.452227439854399	13.284661376383236	8.030882263674211	1.6507487471277433	3.391067665636999	8.90442898798198	9.344352890578495	1.8477521860231223
227	2.5813312054920114	4.149201133085347	13.08623002707377	9.282728826983016	11.818692937868402	3.1635648019855664	10.580850731956007	8.15322570324461	10.664959219713605	10.094604410812371	5.189005390448762	7.732353399575204	9.113072821647505	9.642195977156435	2.5434488402324322
228	2.2818592797043125	5.276224981558387	7.3284240911359975	2.579428003295821	5.198183439913993	7.498478458922369	9.562985737035248	4.164143823516227	7.032857080378042	2.0675745934613863	3.972152054386316	2.510299819581279	5.958071724116962	3.8433643088966543	2.880172752536945
229	3.2874456922434407	6.515940216811923	9.56078605634656	7.353399805267371	10.333854742432644	3.251411277282294	8.083461144279191	4.068361449947066	7.050936409806698	8.33234140652409	0.919408530060051	3.9566150289927147	8.141006535006383	8.686867644362469	3.0454543901209155
230	7.914116252108418	6.165918174709913	6.367248235286514	4.555703350434984	3.8221716584484398	11.518756227839814	11.185243229648608	3.6110800160554093	10.601992779600629	12.055895505322043	8.068712431634708	2.721188977649978	9.276409065928528	9.362378183893341	6.9917020135602375
231	6.332808638464464	5.971682472472745	7.504946029989418	2.8787440529397275	4.147013229754122	11.448614485025463	10.952482269753453	3.868637065856439	10.191312493494898	11.619099400492086	7.591179834222084	2.262224434356837	9.546767603233627	9.368876599044496	6.361883531983913
232	11.084644197060252	7.273146539607629	14.525308902009403	3.9115445728221405	3.914686060851625	5.448245356055544	9.50052596371257	7.301680904715997	7.535264838776827	13.32535616465487	3.5766066363299163	5.30786226821797	12.549323173719593	10.947327192643945	2.1675140358685834
233	2.6632808802569676	13.54914771063251	13.764935261706942	5.740114608984541	7.09786698167739	11.166521102989922	11.319300078899547	4.727672577827385	4.780872518128674	0.7194630494904707	9.101854728989089	10.212346307486612	9.530950145859208	10.051684550904893	8.178251199327358
234	1.7377639577289103	5.93013165038919	7.284235930787841	4.821480284260131	2.199257800923257	7.634181250562444	7.040471910279072	3.5472643197317377	3.9012164940372527	11.333751323992894	9.828515491269014	3.7348325509869147	10.03675811109843	8.61092959348276	6.4403450844356955
235	6.27849030555343	6.227206725219413	5.267469048678267	1.1337687297915486	1.3087748099176189	0.2923101097907559	6.240525547490462	6.792914737173077	5.378673542659545	6.425957951065364	6.6971481893693	5.281940089407568	6.400126136521933	5.783099258338003	1.4152554093575649
236	3.01315342933499	5.032280182613083	5.007371192013224	2.270583432898255	3.0424618364346934	2.0194054299937876	5.709591193126965	3.766955940010083	1.26190169789931	6.882566032054609	5.531875182695716	2.5934443920483132	7.275611933266153	6.730411591233186	2.956434938055991
237	1.396842941548922	3.724097244970576	3.8425623326917933	1.355740651101954	3.6225694815854377	2.7039245914347037	3.6768923263139675	1.857139756832039	2.3234022491852317	6.114343711719524	3.0295108423892034	1.1592393041434794	5.121587889973864	5.267824454035675	3.3541728577048264
238	2.305137609201178	9.135636238075572	10.73289943678589	1.3754260406505916	0.19276853441133807	7.213647866716314	9.049187080357877	1.0589461884097466	2.3576316027985618	2.2784737700076607	7.801044280836718	9.267664838055795	9.474977842782383	10.88586143585495	1.4809165776595417
239	4.463034968465477	5.805579401465672	7.665478947211745	0.4483113245678712	2.7282597526833676	3.820993610669031	7.0181945516234	4.842387735254692	2.774218745869552	3.281871332675002	6.250384375615615	5.84617627151175	8.05372787754547	8.599450751474466	2.9132750247282764
240	4.619055567618229	8.36444559042391	10.352415314233964	7.295669222230863	10.823510187737321	3.9002395064258195	6.860615383966377	2.858338154889338	6.27030642586449	6.910304467622405	1.0689268416487614	2.4993937775364454	6.878743814971984	7.0770668895250335	3.5501352688919097
241	2.8328388453968683	11.671463348063957	12.5845390524234	7.793095946866207	11.284919169777007	8.993505197317821	10.46159921287495	5.271196337739404	8.501138043833366	4.382606607535962	3.976090312575171	1.5242924159174505	5.453083836892127	5.8590323991211894	4.055843331442594
242	7.504815451036222	7.995304635659956	8.742445949302525	4.953408452704655	10.614780708936014	2.447879042722426	6.142845493557316	2.5543851028142432	3.1308732402043864	8.571436304273103	3.5460935674470075	4.150868299625397	6.282724749573055	7.045659233154306	5.678450565669827
243	6.72394271384732	7.818821010318096	9.23532019378175	6.2212009945879005	10.574262784579163	1.8855936959259831	6.323865977698113	1.202405008876469	3.8746983574378624	8.022121935470109	1.6255726891596585	3.1179611718891107	7.394963428084265	7.86351115775568	4.456235296714252
244	8.595993520573638	6.015084345928822	10.631730239462064	4.880529464110565	10.181229269074768	2.7010756062039274	7.6084968947735385	3.757727639346652	1.6016674687309491	8.33649071428307	1.1420179357828806	4.220608610695875	8.380821895795705	8.225290897963566	5.3188736954054665
245	4.793942037894658	10.972212666616514	10.412564879842602	6.371250063467614	9.938819150385639	6.471953064735966	5.939564599620071	2.231980854633361	5.420637063308296	5.7295089419775485	4.604052913591965	1.0515511187497664	6.050735177053454	5.2653954258633	3.580906320296795
246	6.7971144135698065	9.597816362800861	9.054500820245297	3.633217744106506	7.9923945614183465	3.122515369751977	5.4302092891840905	3.3336689069921634	1.4433083143589451	7.379750937453565	5.969414488650803	1.6928774638744586	7.20200726428431	6.323431124797864	4.393616803618855
247	8.571212513391739	10.712301908674942	12.546689775165902	4.730291219088497	8.808057842353904	2.417317069099592	4.976706680622855	4.105187385337849	2.3151907773692844	5.030990363071455	6.033823934913717	2.3890871385237293	8.755307693579224	6.8714792310930255	4.085046054155425
248	4.6399016983626575	11.400766086801186	11.651644419198504	6.567201996845017	11.345864547181415	7.074683492769437	7.044656993238198	2.532648432107519	7.0704253704590885	4.3609002204818745	4.834550850066311	0.2626966555705664	6.117172606754954	4.608094478143349	4.779657929031817
249	8.323004685866614	8.117991562171813	13.056018202274531	4.3302162159749	8.969898522051329	3.2304400735932743	5.3345670633889535	6.249480435073227	7.468730966397523	5.198964428245625	4.55225649673273	4.270855874063433	9.751220764702953	8.060622683710603	4.658049752477163
250	7.037607229592614	8.710932699898052	14.518343588757437	5.391365598686911	8.755769324115224	2.551105951746929	8.452107299662675	2.571858928309882	4.812795900921444	6.032004993974502	3.359744012818463	2.906086947035708	9.147670263737249	6.143407988228889	3.802632859783868
251	6.656970992481211	11.260281103306841	13.81061527407426	6.443636292859895	12.049696351267594	5.077309191072238	7.1783595239011015	1.7521499285050695	6.259980622177763	4.619754021589444	4.819158641922893	1.4923956354152974	7.986488779121199	5.64626281168711	5.662469772844149
252	6.206081723284091	10.03953867567923	14.16299264758149	6.3403650848445	10.207137126432873	4.750969804906297	7.965278539956902	2.747931767985792	5.65185405412796	5.595210487245811	3.7588816253682307	1.5214075324712508	8.690411809061361	6.836782331110391	3.9028797823502464
253	3.9908476154199377	9.248637029137079	13.570271526652238	9.726064794069563	11.909690417119311	6.9075322245695	9.967419048409807	7.751059078829213	9.844879286433459	6.038936850477454	1.1319197002309327	2.9481111888139395	6.74327151287167	6.503004425022406	2.187909744481881
254	3.678469676701748	11.252835689103623	11.727876231218872	7.735637267983642	10.982152429862493	8.034250936992809	10.120740766541713	4.710474450077227	7.7078253995886525	6.2826962814021705	3.5306576654544086	0.4252609552966434	6.313446295014894	6.552955326106632	3.2972405202153285
255	0.2603007660346192	10.048506135814648	11.933076480645113	9.365000580302453	11.360538270629107	9.79699253778729	11.755860228353008	9.10530487744269	11.100508629402341	6.3057206528120116	1.9629523548016405	2.614861767770129	8.127528513215609	8.75112548810928	2.0085414652308047
256	3.793950044237404	4.742514826352342	13.840350754799992	11.194521501661765	12.80043669763188	5.9601344411012755	12.034134208936099	12.355288504173057	14.002230475654484	10.22180269917285	6.599671763010666	8.241301816771278	9.763548669622823	10.48877832092269	1.6496692437216305
257	3.698346737257565	3.9519426559649733	14.006252404959524	9.704585543790092	11.502124730304677	5.356898796940293	12.022345435715982	11.212674627416947	13.012650014151319	11.155710755544176	5.9928355258500945	7.811973302341401	11.34205146004087	11.989067656137848	1.8192053850731893
258	3.8310269689774756	5.279425546026577	13.793142611938828	9.404516154823368	10.6703524535771	6.642842357862054	12.170492384737441	10.643100371591265	11.991420408044796	9.922684483257214	4.187613694517236	5.5050943327256805	9.042060039567689	9.475623020365205	1.3483964348600954
259	3.8900765472955317	4.410056336540736	13.954111489230243	9.608521534412398	13.37028183314396	6.188801614136898	12.056808500139383	10.628841958041475	14.47310353650175	11.1202770558958	5.203392551423543	8.965929288258573	9.146057504158993	10.481226473480898	3.860160904383322
260	3.7759717161006785	2.0616783235711815	14.600918142332565	6.860591316544482	10.637523252936546	4.268958514952205	12.058573926359314	8.217189704544571	11.955110411138904	13.281450939089556	4.826916125130751	8.63320711503718	12.048806922490453	12.93453559358199	3.8300131844893874
261	3.9318791589862956	3.5787554408536533	14.165748194400893	7.799384254156692	11.498598494875782	5.53719360948048	11.933387222561642	9.075807369773997	12.804708077882522	11.976936801459315	4.221290950903459	7.943691390388229	10.543122593128922	11.466438360453802	3.7793474189719594
262	4.002368053088253	4.964481812408564	13.637054312696439	11.398085041527175	12.948537038973424	6.53403327787665	12.293157878317157	12.690418054266557	14.359973534087874	9.705108270919748	6.491761820970767	8.096616835914237	8.28357782238388	9.186431004259948	1.6773053859501301
263	3.528915172916634	6.339802279750279	13.535089592832604	11.203658015746816	12.594780953637578	7.516541072015268	12.300263526898023	12.43699832046117	13.868686036424892	8.877943763525016	4.979449182397712	6.406763972142593	8.713165659747057	9.299781879528759	1.4321348333437027
264	3.452373276688887	2.3651802991401567	14.145381389284843	8.297609354791009	11.143757473507023	4.177725335556191	11.994262978655817	9.759509370468955	12.563290706699698	12.553199379187042	6.041871013384127	8.903071090653421	12.1504150931064	13.029388311357565	2.8615894596278335
265	3.4322627110474415	2.3105513485186826	14.322907917025791	9.289209744681282	12.357462398882172	3.1835541352889516	11.8885883026203	10.169654750920545	13.180424465112122	12.250535397489365	7.403360999199288	10.479375273758402	11.791398563057689	12.745749780295133	3.0799841693669356
266	4.660436968402672	2.5671893841179005	12.447953983848489	6.742478927192939	8.824570151107325	4.8473957724574115	9.831261140982948	8.46901213909186	10.685359874254509	10.360534037171616	4.3281250369800714	6.511519368869089	9.356586649810243	10.15479081010728	2.2364422864321942
267	2.6315787683359595	3.6393515218879826	9.723731786459402	3.6485860168460276	6.648768449309368	6.146628858837652	8.019798129172283	2.9183447507593403	5.088322027520927	11.65779819820905	7.052186741181065	10.135439363605904	10.726879499466005	11.516170560193302	3.0886484526444162
268	4.060111111536306	8.202951583038304	13.673791348135643	9.72876634127533	12.436862805447799	9.4918637280437	12.63084403260222	11.26216031057974	13.956222559359539	7.587989333812848	1.7910439224891264	4.466540629969352	7.9407270122708375	8.329962991372883	2.7367768259333616
269	3.998950913361263	4.051412906328264	13.479818255169032	10.875965977977177	12.556341753546024	5.490949561468561	11.355413479007163	11.690863612507515	13.515349754942507	10.456712298158408	6.8549752101542305	8.580518545709827	8.90946094048873	9.951904045889545	1.83117866307484
270	3.8787595032039777	5.43610203707155	13.818757215480717	9.025733657292344	12.908925928962255	5.428471037578754	10.981860434530775	8.909266530375607	12.751994510647464	9.633693779451828	3.6861168673423146	7.6153538964548275	8.809267485460571	9.579857315660208	3.929278189534329
271	4.087074644715613	5.7961705098502465	13.858806550846142	7.28643043321093	10.580484767341517	6.476996282941537	10.715108049989965	8.010899014993448	11.139768152251255	10.669363010369967	1.5839377243490766	4.882396237451827	10.817714759874725	11.295563782347948	3.3144541580176963
272	3.0546639217868554	5.163883073873565	12.826500276584209	9.867948124764798	11.306512838814317	5.8323269244826275	10.897184140917856	10.611643407734809	12.0582365001223	9.556904851502003	4.841859652752701	6.298154067361797	10.009460811506266	10.578579725880001	1.4563047707536
273	3.120838125750771	10.166401782667002	12.739168048936401	8.713004159413122	10.40167327368198	10.324276466166845	11.18462173974418	9.43177939605603	11.067220435533423	6.4789729104981575	2.1150827604128977	1.790395899252746	8.202868758979243	8.248174675297243	1.6910193587490814
274	1.8824163274639765	7.113185469012688	11.205599838700767	7.352330185547099	9.575893310504714	7.864225413450275	10.209206380774704	8.01105004001994	10.22813672614956	8.93978910024385	0.44535768429662576	2.4741668269402277	8.570636783266641	9.100716184692669	2.2320222144477015
275	3.488524262380927	8.028447416766282	10.748426656656308	7.225508244267517	10.23130728903672	11.467985376147636	12.65132159137603	10.521761521414977	13.592409968803747	8.715182842686938	1.749242915866809	2.4279179317555957	7.134652226670806	8.290890672322194	3.1074126053470414
276	3.213009617961998	6.492231543970227	12.61502908005207	8.117407298588212	10.752073622997878	6.625323493292767	10.207288875229947	8.217021111996935	10.800947516046685	8.894590128306968	1.6503801739247113	4.302681647453385	8.819946228744074	9.275193070613613	2.652558388687411
277	3.9998506523415394	5.219066187429634	13.765926243483126	9.809048008501284	12.387113960909646	6.490844889798124	11.736104474785234	10.9418724055298	13.539146098714895	10.058350475801456	4.672593837406084	7.292330597181995	9.471907872014757	10.301946316174012	2.6244930552557877
278	3.758983079328622	3.8681448523341126	14.180060042826865	8.180519545643218	12.871383302683771	5.872760528795389	12.072524632518396	9.895378951450153	14.436291575081558	12.146050906675626	4.342738534390301	9.038698920686818	11.840783630092828	13.13420754467481	4.696418599006959
279	4.3804656356564475	4.040779034744706	12.069849310120803	5.4416961046462475	8.405800467924918	5.955659521291426	9.63060092729802	6.721133984356213	9.806879906791703	9.517733823048653	1.444181239267232	4.394595734544123	8.525833306648362	8.965957727563207	3.1601666135909388
280	4.121386703478968	3.9727658110610764	12.77680297924143	5.378756946616056	8.929562100473055	6.42349739996487	11.42085618804025	7.993139159267702	11.432469150065037	10.251119600717884	1.5778450068300538	5.122632350071394	10.383171217705776	10.697316260409906	3.5770602234885
281	4.2380399982248775	3.213506401080758	12.699728313670727	5.7546321684355535	8.996392555494536	5.46382294356755	10.787511017283508	7.528721747579032	10.84509326997192	10.402338741534802	2.553185766377831	5.8726404123657066	9.292724079952634	9.756309021544592	3.3795869732379598
282	2.640181521122501	2.941743881198865	3.641516607392786	1.957228093956452	2.805455978106851	0.5535195983498074	5.3837139610281906	2.5478377678387294	0.20035458163997125	5.890528771216794	2.45193702400505	0.3842165133853316	5.597597455445687	5.584010869400894	2.590445088768193
283	2.2692909978442	6.202014815482705	5.966758774484071	2.6327384951656962	5.251566780472828	4.179240717303008	6.13616351805856	0.4236328243896907	3.2272798355583983	6.2434044000959155	3.7556119749269223	0.9572678643930069	6.014611769030458	5.880460812200335	2.803778779340824
284	1.7106295173223327	2.837763651433132	3.8981067254516217	1.7864216390912098	3.5547177984780074	1.3569104888985615	4.99031344384452	0.18821174930882514	2.307053920976333	5.234646754000244	1.1876815233186326	1.0117927244699285	4.924831735552038	5.179047577838132	2.1239896225424912
285	2.2267232469588096	4.248634453568322	6.215758335331618	3.667814267190419	5.8899998620235285	2.108072851635475	4.754880175442837	1.6334612700542572	3.7308330863813723	4.903921336712795	0.6531107829571869	1.6413767695335189	5.167519593044288	5.305747522448801	2.2489587978268664
286	1.2316443006859308	1.8947531372036674	5.754309649322958	2.305321512349476	4.714178341419589	1.21227223005501	4.688198591182472	1.6151832016958043	3.8053822963912864	5.263140940029992	0.4264536018700666	2.8207874876459567	5.368795863474872	5.612494675013296	2.424904401824405
287	3.894528689492105	4.862452694506182	7.050404232462549	3.6677329004699812	6.43682861710398	1.0163585676339355	4.372383204266499	0.8412950861962221	2.72009323558857	4.36640224744908	1.3394203857500961	1.7163161732345562	5.2107423105826385	5.155035457676215	2.771024938220368
288	4.70308454376439	7.322008129282419	12.457115815625684	6.267099021206311	10.378714639563844	3.4088244205347493	8.308223482125202	4.245153970531474	8.469696542573217	5.138076370619415	2.705899867842232	5.701241280972354	6.918959036397149	6.422731935552761	4.385327920309409
289	4.733227074038456	4.882505000193536	8.029449758393111	2.6293358839305725	5.868445619591408	0.4824976165237381	3.4865473307194357	3.3031112540253282	3.574659939986742	3.5996881510668493	3.194398583827065	3.1151127204777196	6.775514704037511	5.996875569322264	3.255744101883988
290	5.223071936310899	2.791053127569113	14.933160197231174	5.293704946049424	9.417522619743457	5.210883017543898	12.055501640069085	7.4984029993386425	11.67117931814077	12.498157015584773	2.740690460633529	7.064439074536673	11.65489084377909	12.12372872360013	4.337234000123587
291	5.137572179133108	5.90318532710216	14.24357567738638	8.100575033727408	11.39071372933778	6.397874019873267	10.913100188957145	9.06338119943958	12.232710576753359	9.541305097718519	2.680990340687097	5.963984879567723	9.852788936195594	10.285673768087898	3.3457511369905713
292	4.613149189898825	1.8234617434971194	14.423678633537508	10.231114614086964	11.67595123615335	3.5868849208864084	11.468452666442474	11.814587398845239	13.318863921774124	12.603162193400651	9.236612730651789	10.72985373617551	12.081830239580993	12.856457976507379	1.508948294130734
293	3.9325670070928447	5.031462688986722	13.280768956003964	10.041172488903634	11.42438692100326	6.081052818128272	11.62129011984175	11.54166678039765	12.921040714697304	9.114111312335288	5.475341810945607	6.865788246709561	9.466760113190716	9.886885563665846	1.3991363487547515
294	5.379846888599366	8.446244134229072	14.387749148142266	8.332670734426072	11.038812650463708	7.605057581486772	10.998815934986881	8.043577074149587	10.736324560016168	7.0804248537834535	0.85356778408617	3.131582677664061	7.794016593082936	7.438256534354154	2.8161255020110456
295	5.2139453779348255	3.8886119577114346	14.76362824129297	5.537337798993586	10.264411440210168	6.121652403374221	11.978750024823992	7.605835793356431	12.32501999297253	11.765986781586546	1.7393253424311046	6.651917574352592	11.217957322340462	11.647958313860592	4.9213998028611465
296	4.205839467527428	4.831956399453605	14.44163473249563	7.979939441241577	10.989929727816527	6.37813818705297	12.20172335784454	9.980629316843807	12.88256293141686	11.11470528207496	3.6054856650461864	6.557962137158048	11.87992197263329	12.482557411394737	3.020361996664944
297	4.388396381259436	4.135062108292854	14.457059919319638	8.780852175515296	11.092131978111743	5.890049535895603	12.099561689628166	10.83310507845976	13.105836431185063	11.459321157553815	5.030952152816657	7.353216244424937	12.003801132765942	12.693976121414781	2.3322553299827464
298	5.8742042222827	1.849746350868945	14.50716156667988	6.401900370453506	8.896955740290025	4.5065524112062665	11.066648917403501	8.820731371322209	11.512518901695351	12.679184380235563	5.580233574168309	8.27316972067109	11.245407320017875	12.107038253702028	2.7419273062422826
299	4.3299040656690435	7.249441562066747	13.065970522773567	7.979778014195575	9.502527596771634	8.784837779805482	12.19974504317883	10.150026417488016	11.673694314225552	7.321635783511038	1.7469005439876077	3.0238854867531124	8.423094547531482	8.475001261190119	1.5522176261707379
300	5.78940979967905	1.9165122632932579	14.120687600814781	6.643875386666239	9.266966133076002	5.277043459715585	11.821932629242438	10.021446387327591	12.80084558089496	12.236703034825151	5.378108577062365	8.150196364523103	11.308738456373629	12.301290799723274	2.8052129814969047
301	5.5016410059320835	3.5528947562384845	14.261735475471012	7.654296352312972	10.166912763059488	4.32149014616531	11.256734084066734	9.272284169381512	11.861703425402995	10.724666779317808	5.233082228366334	7.887578256412052	9.860069670771995	10.366137314681438	2.6554084709449266
302	4.6216707553464085	2.9703704692594974	14.306785327723942	7.891026903493757	10.348151832152842	4.418583313795011	11.18374998108228	9.36710942746442	11.793530871161636	11.735886573989543	5.383786447273173	7.890556035131487	11.449596054095807	12.119836354408218	2.506983400958672
303	5.933564355205308	1.8984654832726477	14.47672149448554	6.858505792375781	9.445399239129005	4.496931084352129	10.85376440605018	9.574417261560857	12.235920045735085	12.59919778524073	6.20620067630575	8.930719821616929	11.863814639378079	12.8432882968893	2.7382236566663605
304	5.005109348733459	1.8774916720863013	13.771871298765648	7.126468509680289	8.791950879464787	4.46818696649803	10.148566571340158	9.10921170343864	10.790815144445954	12.12672260792035	5.645594280721555	7.367490708447769	11.914281492090382	12.58338368266883	1.7330694980657257
305	3.7237854333624996	0.5645692343926256	14.08947833235759	5.067556622197752	8.797092277002902	4.258431641024401	10.547912456401866	5.779685890513666	9.183662829227304	14.652300806492114	5.367714445819934	9.060057945792641	12.812986010423455	13.596169344380815	3.74938382801667
306	5.951411539829375	1.3101662857455751	14.506477986082443	4.645333954204085	6.177647881385933	6.651112806565614	9.534756314102255	2.8106622706843836	2.780338994800639	14.586062718022138	5.762075015522723	7.272799815227994	12.327831491737468	11.8217277651029	1.5349464847678223
307	4.388400157137457	4.135065713041319	14.457062334982268	8.780849609261095	11.092136994809943	5.890055865021535	12.099562088604474	10.833104016998432	13.105842946136626	11.459322782177003	5.0309450488714385	7.353216940666407	12.003801019652249	12.693978680160638	2.3322630818851193
308	3.0020017030693396	2.8676874625554336	13.210736859781262	6.860114439828255	10.12036325511875	3.4009321965623562	10.756345110517854	7.323573983590425	10.478397826160341	11.150590294784775	4.175135410926313	7.439298896323773	10.892428089419953	11.500834903249837	3.271333335839922
309	3.93411911915274	4.90955802581223	11.424009246856413	8.383535899451974	10.114500911842226	3.2086851392061546	7.489970255889373	6.1809790742303266	7.81482515357729	8.318357428949023	3.4920004243632974	5.2264627825889445	7.874749479716366	8.203802608543462	1.734495758254032
310	2.2422413039083002	8.014997085071064	11.274277238914793	6.645955297989604	9.781829405387489	8.993865439044264	10.496163171888805	7.740403732600171	10.798392554453578	7.918770211669354	1.3977043513623357	1.8046242339984904	8.291488049732607	8.506144683966792	3.1359617493091494
311	4.568288226425079	6.459485464487933	14.035739133922352	10.514311764432353	11.216586491031661	7.273030338697245	12.035504252724257	11.890589458246017	12.607611714527449	8.644375816390477	4.61803422687972	5.336549076133204	9.146684490068086	9.343531357221012	0.7236975175151708
312	2.2056676433970632	10.57080926486498	14.194418620451627	7.401728660704762	11.686182066822658	8.943977976938942	12.133158086325972	6.165346365741341	10.722656398023679	5.439772949479023	3.539572852830106	4.175255722005099	8.544316499233988	9.144145584291007	4.617987508003128
313	4.360995128412325	2.1668818018699643	15.26784882312351	6.529948754450964	11.089768586495834	4.06987486083339	12.071433838119226	8.240683083036632	12.563284294900578	13.452650416441875	4.740530583372897	9.314849450149426	13.193405941928988	14.125331920449335	4.5833266289089325
314	4.628843538015244	5.623148243805077	14.468395088010716	7.753257379595198	10.945241952228255	6.833748346141769	12.305791673054646	9.89434494974986	12.954490960437154	9.953666834872333	3.1445024544838662	6.120787065914219	11.122676643401883	11.493984606823199	3.208820299970355
315	4.653277028429387	2.54078047639847	14.538880003020815	7.576791686585552	10.14787172114346	4.986692082541919	12.172648710555213	10.18149867855023	12.731220852571	12.429054767209793	5.473842860333268	8.083688303227811	12.497031630162365	13.29496062554176	2.6102310978398475
316	4.327986216529312	7.996829171057101	13.457312931617059	9.255985211265074	11.703716226174052	9.046424602184008	12.31401684616022	10.570623602716399	13.047581602524566	6.930614769127879	1.543640335298219	4.002154599913963	7.09652834763208	7.277425692325473	2.507453449867298
317	4.434425245854322	5.990454025837751	14.02349584534789	11.973576662873334	13.189384947414778	7.433652567215134	12.818757704914416	13.33678757762965	14.68707145968694	8.918470151472398	6.108765793764383	7.404882942440747	7.58815329269204	8.356463590651812	1.367119281357348
318	4.520555450470361	2.7447799044089702	15.218960164476334	5.301085704843882	9.729027411224873	5.170902888308847	12.313043680589596	7.330053200516378	11.62209658716576	13.382603502028777	2.6264087609452456	7.130372604295913	12.761135746511979	13.351931655131215	4.511790801047144
319	4.690843208688283	8.792694770729172	14.482977411407806	5.744282610719333	9.769628248230934	10.4388762465804	12.960825245825	7.734071037091637	11.717679727343794	8.815724892741851	3.054826426663976	1.353016989299707	10.168535196848435	9.488598731674495	4.1393607302363264
320	4.268614769515508	9.18143894515985	12.804519356511573	7.615149285566008	9.66149753383061	12.326785631962698	13.478163417311936	10.750187689310351	12.932254008228101	8.153135130475166	1.5891724715292286	0.7318384310927751	8.20239248279337	8.691591282413684	2.189441273797438
321	4.081253402725655	2.4792654413379314	14.417384066715682	11.614166554476444	12.519162140528515	3.8815673077614368	12.089626387952032	13.248542938363023	14.178391915382335	12.104718617768077	9.752971087348945	10.680491855038584	12.546619446558182	13.050614858578923	0.9311935883657412
322	4.504902639234656	1.270639998643717	15.397140093438905	6.451478015565272	10.603823261456109	3.9560472481734776	12.391504584152418	8.46178706228613	12.515078320384948	14.175564369590091	5.585086907672368	9.792455212453328	13.173309725476525	14.174511177020436	4.211876132883241
323	4.65154771043869	5.383793514177684	14.562535620454788	8.0916888208555	12.225055983985419	7.312164726843359	12.484295726938408	9.994555620115067	14.075683826261013	10.864955603331085	2.8099163796223188	7.000356215164639	10.509590090204155	11.27404047319409	4.190639197096424
